<?xml version="1.0" encoding="UTF-8"?>
<DEFECTS>
  <DEFECT>
    <SFA>
      <FILEPATH>C:\Users\David\Documents\Module5\</FILEPATH>
      <FILENAME>stb_image.h</FILENAME>
      <LINE>3909</LINE>
      <COLUMN>57</COLUMN>
    </SFA>
    <DEFECTCODE>6011</DEFECTCODE>
    <DESCRIPTION>Dereferencing NULL pointer 'y'. </DESCRIPTION>
    <FUNCTION>load_jpeg_image</FUNCTION>
    <DECORATED>?load_jpeg_image@@YAPAEPAUstbi__jpeg@@PAH11H@Z</DECORATED>
    <FUNCLINE>3764</FUNCLINE>
    <PROBABILITY>1</PROBABILITY>
    <RANK>4</RANK>
    <CATEGORY>
      <RULECATEGORY>mspft</RULECATEGORY>
    </CATEGORY>
    <PATH>
      <SFA>
        <FILEPATH>C:\Users\David\Documents\Module5\</FILEPATH>
        <FILENAME>stb_image.h</FILENAME>
        <LINE>3766</LINE>
        <COLUMN>7</COLUMN>
      </SFA>
      <SFA>
        <FILEPATH>C:\Users\David\Documents\Module5\</FILEPATH>
        <FILENAME>stb_image.h</FILENAME>
        <LINE>3766</LINE>
        <COLUMN>10</COLUMN>
      </SFA>
      <SFA>
        <FILEPATH>C:\Users\David\Documents\Module5\</FILEPATH>
        <FILENAME>stb_image.h</FILENAME>
        <LINE>3766</LINE>
        <COLUMN>20</COLUMN>
      </SFA>
      <SFA>
        <FILEPATH>C:\Users\David\Documents\Module5\</FILEPATH>
        <FILENAME>stb_image.h</FILENAME>
        <LINE>3767</LINE>
        <COLUMN>15</COLUMN>
      </SFA>
      <SFA>
        <FILEPATH>C:\Users\David\Documents\Module5\</FILEPATH>
        <FILENAME>stb_image.h</FILENAME>
        <LINE>3770</LINE>
        <COLUMN>20</COLUMN>
      </SFA>
      <SFA>
        <FILEPATH>C:\Users\David\Documents\Module5\</FILEPATH>
        <FILENAME>stb_image.h</FILENAME>
        <LINE>3773</LINE>
        <COLUMN>7</COLUMN>
      </SFA>
      <SFA>
        <FILEPATH>C:\Users\David\Documents\Module5\</FILEPATH>
        <FILENAME>stb_image.h</FILENAME>
        <LINE>3776</LINE>
        <COLUMN>5</COLUMN>
      </SFA>
      <SFA>
        <FILEPATH>C:\Users\David\Documents\Module5\</FILEPATH>
        <FILENAME>stb_image.h</FILENAME>
        <LINE>3778</LINE>
        <COLUMN>10</COLUMN>
      </SFA>
      <SFA>
        <FILEPATH>C:\Users\David\Documents\Module5\</FILEPATH>
        <FILENAME>stb_image.h</FILENAME>
        <LINE>3780</LINE>
        <COLUMN>33</COLUMN>
      </SFA>
      <SFA>
        <FILEPATH>C:\Users\David\Documents\Module5\</FILEPATH>
        <FILENAME>stb_image.h</FILENAME>
        <LINE>3783</LINE>
        <COLUMN>15</COLUMN>
      </SFA>
      <SFA>
        <FILEPATH>C:\Users\David\Documents\Module5\</FILEPATH>
        <FILENAME>stb_image.h</FILENAME>
        <LINE>3787</LINE>
        <COLUMN>10</COLUMN>
      </SFA>
      <SFA>
        <FILEPATH>C:\Users\David\Documents\Module5\</FILEPATH>
        <FILENAME>stb_image.h</FILENAME>
        <LINE>3788</LINE>
        <COLUMN>19</COLUMN>
      </SFA>
      <SFA>
        <FILEPATH>C:\Users\David\Documents\Module5\</FILEPATH>
        <FILENAME>stb_image.h</FILENAME>
        <LINE>3788</LINE>
        <COLUMN>21</COLUMN>
      </SFA>
      <SFA>
        <FILEPATH>C:\Users\David\Documents\Module5\</FILEPATH>
        <FILENAME>stb_image.h</FILENAME>
        <LINE>3789</LINE>
        <COLUMN>15</COLUMN>
      </SFA>
      <SFA>
        <FILEPATH>C:\Users\David\Documents\Module5\</FILEPATH>
        <FILENAME>stb_image.h</FILENAME>
        <LINE>3790</LINE>
        <COLUMN>15</COLUMN>
      </SFA>
      <SFA>
        <FILEPATH>C:\Users\David\Documents\Module5\</FILEPATH>
        <FILENAME>stb_image.h</FILENAME>
        <LINE>3792</LINE>
        <COLUMN>21</COLUMN>
      </SFA>
      <SFA>
        <FILEPATH>C:\Users\David\Documents\Module5\</FILEPATH>
        <FILENAME>stb_image.h</FILENAME>
        <LINE>3794</LINE>
        <COLUMN>12</COLUMN>
      </SFA>
      <SFA>
        <FILEPATH>C:\Users\David\Documents\Module5\</FILEPATH>
        <FILENAME>stb_image.h</FILENAME>
        <LINE>3794</LINE>
        <COLUMN>18</COLUMN>
      </SFA>
      <SFA>
        <FILEPATH>C:\Users\David\Documents\Module5\</FILEPATH>
        <FILENAME>stb_image.h</FILENAME>
        <LINE>3817</LINE>
        <COLUMN>13</COLUMN>
      </SFA>
      <SFA>
        <FILEPATH>C:\Users\David\Documents\Module5\</FILEPATH>
        <FILENAME>stb_image.h</FILENAME>
        <LINE>3818</LINE>
        <COLUMN>10</COLUMN>
      </SFA>
      <SFA>
        <FILEPATH>C:\Users\David\Documents\Module5\</FILEPATH>
        <FILENAME>stb_image.h</FILENAME>
        <LINE>3821</LINE>
        <COLUMN>12</COLUMN>
      </SFA>
      <SFA>
        <FILEPATH>C:\Users\David\Documents\Module5\</FILEPATH>
        <FILENAME>stb_image.h</FILENAME>
        <LINE>3821</LINE>
        <COLUMN>18</COLUMN>
      </SFA>
      <SFA>
        <FILEPATH>C:\Users\David\Documents\Module5\</FILEPATH>
        <FILENAME>stb_image.h</FILENAME>
        <LINE>3822</LINE>
        <COLUMN>18</COLUMN>
      </SFA>
      <SFA>
        <FILEPATH>C:\Users\David\Documents\Module5\</FILEPATH>
        <FILENAME>stb_image.h</FILENAME>
        <LINE>3823</LINE>
        <COLUMN>15</COLUMN>
      </SFA>
      <SFA>
        <FILEPATH>C:\Users\David\Documents\Module5\</FILEPATH>
        <FILENAME>stb_image.h</FILENAME>
        <LINE>3823</LINE>
        <COLUMN>21</COLUMN>
      </SFA>
      <SFA>
        <FILEPATH>C:\Users\David\Documents\Module5\</FILEPATH>
        <FILENAME>stb_image.h</FILENAME>
        <LINE>3837</LINE>
        <COLUMN>15</COLUMN>
      </SFA>
      <SFA>
        <FILEPATH>C:\Users\David\Documents\Module5\</FILEPATH>
        <FILENAME>stb_image.h</FILENAME>
        <LINE>3880</LINE>
        <COLUMN>16</COLUMN>
      </SFA>
      <SFA>
        <FILEPATH>C:\Users\David\Documents\Module5\</FILEPATH>
        <FILENAME>stb_image.h</FILENAME>
        <LINE>3890</LINE>
        <COLUMN>40</COLUMN>
      </SFA>
      <SFA>
        <FILEPATH>C:\Users\David\Documents\Module5\</FILEPATH>
        <FILENAME>stb_image.h</FILENAME>
        <LINE>3900</LINE>
        <COLUMN>40</COLUMN>
      </SFA>
      <SFA>
        <FILEPATH>C:\Users\David\Documents\Module5\</FILEPATH>
        <FILENAME>stb_image.h</FILENAME>
        <LINE>3907</LINE>
        <COLUMN>24</COLUMN>
        <KEYEVENT>
          <ID>1</ID>
          <KIND>declaration</KIND>
          <IMPORTANCE>Essential</IMPORTANCE>
          <MESSAGE>'y' may be NULL</MESSAGE>
        </KEYEVENT>
      </SFA>
      <SFA>
        <FILEPATH>C:\Users\David\Documents\Module5\</FILEPATH>
        <FILENAME>stb_image.h</FILENAME>
        <LINE>3908</LINE>
        <COLUMN>21</COLUMN>
        <KEYEVENT>
          <ID>2</ID>
          <KIND>branch</KIND>
          <IMPORTANCE>Full</IMPORTANCE>
          <MESSAGE>Enter this branch, (assume 'n==1')</MESSAGE>
        </KEYEVENT>
      </SFA>
      <SFA>
        <FILEPATH>C:\Users\David\Documents\Module5\</FILEPATH>
        <FILENAME>stb_image.h</FILENAME>
        <LINE>3909</LINE>
        <COLUMN>24</COLUMN>
      </SFA>
      <SFA>
        <FILEPATH>C:\Users\David\Documents\Module5\</FILEPATH>
        <FILENAME>stb_image.h</FILENAME>
        <LINE>3909</LINE>
        <COLUMN>30</COLUMN>
        <KEYEVENT>
          <ID>3</ID>
          <KIND>branch</KIND>
          <IMPORTANCE>Full</IMPORTANCE>
          <MESSAGE>Enter this loop, (assume 'i&lt;z-&gt;s-&gt;img_x')</MESSAGE>
        </KEYEVENT>
      </SFA>
      <SFA>
        <FILEPATH>C:\Users\David\Documents\Module5\</FILEPATH>
        <FILENAME>stb_image.h</FILENAME>
        <LINE>3909</LINE>
        <COLUMN>57</COLUMN>
        <KEYEVENT>
          <ID>4</ID>
          <KIND>usage</KIND>
          <IMPORTANCE>Essential</IMPORTANCE>
          <MESSAGE>'y' is dereferenced, but may still be NULL</MESSAGE>
        </KEYEVENT>
      </SFA>
    </PATH>
  </DEFECT>
  <DEFECT>
    <SFA>
      <FILEPATH>C:\Users\David\Documents\Module5\</FILEPATH>
      <FILENAME>stb_image.h</FILENAME>
      <LINE>6809</LINE>
      <COLUMN>35</COLUMN>
    </SFA>
    <DEFECTCODE>6308</DEFECTCODE>
    <DESCRIPTION>'realloc' might return null pointer: assigning null pointer to '*delays', which is passed as an argument to 'realloc', will cause the original memory block to be leaked.</DESCRIPTION>
    <FUNCTION>stbi__load_gif_main</FUNCTION>
    <DECORATED>?stbi__load_gif_main@@YAPAXPAUstbi__context@@PAPAHPAH222H@Z</DECORATED>
    <FUNCLINE>6769</FUNCLINE>
    <PATH></PATH>
  </DEFECT>
  <DEFECT>
    <SFA>
      <FILEPATH>C:\Users\David\Documents\Module5\</FILEPATH>
      <FILENAME>stb_image.h</FILENAME>
      <LINE>6826</LINE>
      <COLUMN>38</COLUMN>
    </SFA>
    <DEFECTCODE>28182</DEFECTCODE>
    <DESCRIPTION>Dereferencing NULL pointer. '*delays' contains the same NULL value as 'realloc()`6809' did. </DESCRIPTION>
    <FUNCTION>stbi__load_gif_main</FUNCTION>
    <DECORATED>?stbi__load_gif_main@@YAPAXPAUstbi__context@@PAPAHPAH222H@Z</DECORATED>
    <FUNCLINE>6769</FUNCLINE>
    <PROBABILITY>1</PROBABILITY>
    <RANK>3</RANK>
    <CATEGORY>
      <RULECATEGORY>mspft</RULECATEGORY>
    </CATEGORY>
    <PATH>
      <SFA>
        <FILEPATH>C:\Users\David\Documents\Module5\</FILEPATH>
        <FILENAME>stb_image.h</FILENAME>
        <LINE>6771</LINE>
        <COLUMN>21</COLUMN>
      </SFA>
      <SFA>
        <FILEPATH>C:\Users\David\Documents\Module5\</FILEPATH>
        <FILENAME>stb_image.h</FILENAME>
        <LINE>6772</LINE>
        <COLUMN>10</COLUMN>
      </SFA>
      <SFA>
        <FILEPATH>C:\Users\David\Documents\Module5\</FILEPATH>
        <FILENAME>stb_image.h</FILENAME>
        <LINE>6773</LINE>
        <COLUMN>15</COLUMN>
      </SFA>
      <SFA>
        <FILEPATH>C:\Users\David\Documents\Module5\</FILEPATH>
        <FILENAME>stb_image.h</FILENAME>
        <LINE>6774</LINE>
        <COLUMN>15</COLUMN>
      </SFA>
      <SFA>
        <FILEPATH>C:\Users\David\Documents\Module5\</FILEPATH>
        <FILENAME>stb_image.h</FILENAME>
        <LINE>6775</LINE>
        <COLUMN>15</COLUMN>
      </SFA>
      <SFA>
        <FILEPATH>C:\Users\David\Documents\Module5\</FILEPATH>
        <FILENAME>stb_image.h</FILENAME>
        <LINE>6776</LINE>
        <COLUMN>16</COLUMN>
      </SFA>
      <SFA>
        <FILEPATH>C:\Users\David\Documents\Module5\</FILEPATH>
        <FILENAME>stb_image.h</FILENAME>
        <LINE>6777</LINE>
        <COLUMN>10</COLUMN>
      </SFA>
      <SFA>
        <FILEPATH>C:\Users\David\Documents\Module5\</FILEPATH>
        <FILENAME>stb_image.h</FILENAME>
        <LINE>6778</LINE>
        <COLUMN>10</COLUMN>
      </SFA>
      <SFA>
        <FILEPATH>C:\Users\David\Documents\Module5\</FILEPATH>
        <FILENAME>stb_image.h</FILENAME>
        <LINE>6779</LINE>
        <COLUMN>10</COLUMN>
      </SFA>
      <SFA>
        <FILEPATH>C:\Users\David\Documents\Module5\</FILEPATH>
        <FILENAME>stb_image.h</FILENAME>
        <LINE>6780</LINE>
        <COLUMN>12</COLUMN>
      </SFA>
      <SFA>
        <FILEPATH>C:\Users\David\Documents\Module5\</FILEPATH>
        <FILENAME>stb_image.h</FILENAME>
        <LINE>6781</LINE>
        <COLUMN>10</COLUMN>
      </SFA>
      <SFA>
        <FILEPATH>C:\Users\David\Documents\Module5\</FILEPATH>
        <FILENAME>stb_image.h</FILENAME>
        <LINE>6782</LINE>
        <COLUMN>17</COLUMN>
      </SFA>
      <SFA>
        <FILEPATH>C:\Users\David\Documents\Module5\</FILEPATH>
        <FILENAME>stb_image.h</FILENAME>
        <LINE>6786</LINE>
        <COLUMN>11</COLUMN>
      </SFA>
      <SFA>
        <FILEPATH>C:\Users\David\Documents\Module5\</FILEPATH>
        <FILENAME>stb_image.h</FILENAME>
        <LINE>6787</LINE>
        <COLUMN>15</COLUMN>
      </SFA>
      <SFA>
        <FILEPATH>C:\Users\David\Documents\Module5\</FILEPATH>
        <FILENAME>stb_image.h</FILENAME>
        <LINE>6789</LINE>
        <COLUMN>13</COLUMN>
      </SFA>
      <SFA>
        <FILEPATH>C:\Users\David\Documents\Module5\</FILEPATH>
        <FILENAME>stb_image.h</FILENAME>
        <LINE>6790</LINE>
        <COLUMN>15</COLUMN>
      </SFA>
      <SFA>
        <FILEPATH>C:\Users\David\Documents\Module5\</FILEPATH>
        <FILENAME>stb_image.h</FILENAME>
        <LINE>6791</LINE>
        <COLUMN>15</COLUMN>
      </SFA>
      <SFA>
        <FILEPATH>C:\Users\David\Documents\Module5\</FILEPATH>
        <FILENAME>stb_image.h</FILENAME>
        <LINE>6792</LINE>
        <COLUMN>12</COLUMN>
      </SFA>
      <SFA>
        <FILEPATH>C:\Users\David\Documents\Module5\</FILEPATH>
        <FILENAME>stb_image.h</FILENAME>
        <LINE>6793</LINE>
        <COLUMN>19</COLUMN>
      </SFA>
      <SFA>
        <FILEPATH>C:\Users\David\Documents\Module5\</FILEPATH>
        <FILENAME>stb_image.h</FILENAME>
        <LINE>6795</LINE>
        <COLUMN>16</COLUMN>
      </SFA>
      <SFA>
        <FILEPATH>C:\Users\David\Documents\Module5\</FILEPATH>
        <FILENAME>stb_image.h</FILENAME>
        <LINE>6813</LINE>
        <COLUMN>19</COLUMN>
      </SFA>
      <SFA>
        <FILEPATH>C:\Users\David\Documents\Module5\</FILEPATH>
        <FILENAME>stb_image.h</FILENAME>
        <LINE>6814</LINE>
        <COLUMN>24</COLUMN>
      </SFA>
      <SFA>
        <FILEPATH>C:\Users\David\Documents\Module5\</FILEPATH>
        <FILENAME>stb_image.h</FILENAME>
        <LINE>6815</LINE>
        <COLUMN>19</COLUMN>
      </SFA>
      <SFA>
        <FILEPATH>C:\Users\David\Documents\Module5\</FILEPATH>
        <FILENAME>stb_image.h</FILENAME>
        <LINE>6816</LINE>
        <COLUMN>26</COLUMN>
      </SFA>
      <SFA>
        <FILEPATH>C:\Users\David\Documents\Module5\</FILEPATH>
        <FILENAME>stb_image.h</FILENAME>
        <LINE>6817</LINE>
        <COLUMN>30</COLUMN>
      </SFA>
      <SFA>
        <FILEPATH>C:\Users\David\Documents\Module5\</FILEPATH>
        <FILENAME>stb_image.h</FILENAME>
        <LINE>6820</LINE>
        <COLUMN>18</COLUMN>
      </SFA>
      <SFA>
        <FILEPATH>C:\Users\David\Documents\Module5\</FILEPATH>
        <FILENAME>stb_image.h</FILENAME>
        <LINE>6821</LINE>
        <COLUMN>23</COLUMN>
      </SFA>
      <SFA>
        <FILEPATH>C:\Users\David\Documents\Module5\</FILEPATH>
        <FILENAME>stb_image.h</FILENAME>
        <LINE>6825</LINE>
        <COLUMN>16</COLUMN>
      </SFA>
      <SFA>
        <FILEPATH>C:\Users\David\Documents\Module5\</FILEPATH>
        <FILENAME>stb_image.h</FILENAME>
        <LINE>6826</LINE>
        <COLUMN>38</COLUMN>
      </SFA>
      <SFA>
        <FILEPATH>C:\Users\David\Documents\Module5\</FILEPATH>
        <FILENAME>stb_image.h</FILENAME>
        <LINE>6829</LINE>
        <COLUMN>17</COLUMN>
      </SFA>
      <SFA>
        <FILEPATH>C:\Users\David\Documents\Module5\</FILEPATH>
        <FILENAME>stb_image.h</FILENAME>
        <LINE>6786</LINE>
        <COLUMN>11</COLUMN>
      </SFA>
      <SFA>
        <FILEPATH>C:\Users\David\Documents\Module5\</FILEPATH>
        <FILENAME>stb_image.h</FILENAME>
        <LINE>6787</LINE>
        <COLUMN>15</COLUMN>
      </SFA>
      <SFA>
        <FILEPATH>C:\Users\David\Documents\Module5\</FILEPATH>
        <FILENAME>stb_image.h</FILENAME>
        <LINE>6789</LINE>
        <COLUMN>13</COLUMN>
      </SFA>
      <SFA>
        <FILEPATH>C:\Users\David\Documents\Module5\</FILEPATH>
        <FILENAME>stb_image.h</FILENAME>
        <LINE>6790</LINE>
        <COLUMN>15</COLUMN>
      </SFA>
      <SFA>
        <FILEPATH>C:\Users\David\Documents\Module5\</FILEPATH>
        <FILENAME>stb_image.h</FILENAME>
        <LINE>6791</LINE>
        <COLUMN>15</COLUMN>
      </SFA>
      <SFA>
        <FILEPATH>C:\Users\David\Documents\Module5\</FILEPATH>
        <FILENAME>stb_image.h</FILENAME>
        <LINE>6792</LINE>
        <COLUMN>12</COLUMN>
      </SFA>
      <SFA>
        <FILEPATH>C:\Users\David\Documents\Module5\</FILEPATH>
        <FILENAME>stb_image.h</FILENAME>
        <LINE>6793</LINE>
        <COLUMN>19</COLUMN>
      </SFA>
      <SFA>
        <FILEPATH>C:\Users\David\Documents\Module5\</FILEPATH>
        <FILENAME>stb_image.h</FILENAME>
        <LINE>6795</LINE>
        <COLUMN>16</COLUMN>
      </SFA>
      <SFA>
        <FILEPATH>C:\Users\David\Documents\Module5\</FILEPATH>
        <FILENAME>stb_image.h</FILENAME>
        <LINE>6796</LINE>
        <COLUMN>21</COLUMN>
      </SFA>
      <SFA>
        <FILEPATH>C:\Users\David\Documents\Module5\</FILEPATH>
        <FILENAME>stb_image.h</FILENAME>
        <LINE>6797</LINE>
        <COLUMN>24</COLUMN>
      </SFA>
      <SFA>
        <FILEPATH>C:\Users\David\Documents\Module5\</FILEPATH>
        <FILENAME>stb_image.h</FILENAME>
        <LINE>6804</LINE>
        <COLUMN>23</COLUMN>
      </SFA>
      <SFA>
        <FILEPATH>C:\Users\David\Documents\Module5\</FILEPATH>
        <FILENAME>stb_image.h</FILENAME>
        <LINE>6805</LINE>
        <COLUMN>28</COLUMN>
      </SFA>
      <SFA>
        <FILEPATH>C:\Users\David\Documents\Module5\</FILEPATH>
        <FILENAME>stb_image.h</FILENAME>
        <LINE>6808</LINE>
        <COLUMN>19</COLUMN>
      </SFA>
      <SFA>
        <FILEPATH>C:\Users\David\Documents\Module5\</FILEPATH>
        <FILENAME>stb_image.h</FILENAME>
        <LINE>6809</LINE>
        <COLUMN>26</COLUMN>
        <KEYEVENT>
          <ID>1</ID>
          <KIND>declaration</KIND>
          <IMPORTANCE>Essential</IMPORTANCE>
          <MESSAGE>'*delays' may be NULL</MESSAGE>
        </KEYEVENT>
      </SFA>
      <SFA>
        <FILEPATH>C:\Users\David\Documents\Module5\</FILEPATH>
        <FILENAME>stb_image.h</FILENAME>
        <LINE>6810</LINE>
        <COLUMN>30</COLUMN>
      </SFA>
      <SFA>
        <FILEPATH>C:\Users\David\Documents\Module5\</FILEPATH>
        <FILENAME>stb_image.h</FILENAME>
        <LINE>6820</LINE>
        <COLUMN>18</COLUMN>
      </SFA>
      <SFA>
        <FILEPATH>C:\Users\David\Documents\Module5\</FILEPATH>
        <FILENAME>stb_image.h</FILENAME>
        <LINE>6821</LINE>
        <COLUMN>23</COLUMN>
        <KEYEVENT>
          <ID>2</ID>
          <KIND>branch</KIND>
          <IMPORTANCE>Full</IMPORTANCE>
          <MESSAGE>Enter this branch, (assume 'layers&gt;=2')</MESSAGE>
        </KEYEVENT>
      </SFA>
      <SFA>
        <FILEPATH>C:\Users\David\Documents\Module5\</FILEPATH>
        <FILENAME>stb_image.h</FILENAME>
        <LINE>6822</LINE>
        <COLUMN>24</COLUMN>
      </SFA>
      <SFA>
        <FILEPATH>C:\Users\David\Documents\Module5\</FILEPATH>
        <FILENAME>stb_image.h</FILENAME>
        <LINE>6825</LINE>
        <COLUMN>16</COLUMN>
        <KEYEVENT>
          <ID>3</ID>
          <KIND>branch</KIND>
          <IMPORTANCE>Full</IMPORTANCE>
          <MESSAGE>Enter this branch, (assume 'delays')</MESSAGE>
        </KEYEVENT>
      </SFA>
      <SFA>
        <FILEPATH>C:\Users\David\Documents\Module5\</FILEPATH>
        <FILENAME>stb_image.h</FILENAME>
        <LINE>6826</LINE>
        <COLUMN>38</COLUMN>
        <KEYEVENT>
          <ID>4</ID>
          <KIND>usage</KIND>
          <IMPORTANCE>Essential</IMPORTANCE>
          <MESSAGE>'*delays' is dereferenced, but may still be NULL</MESSAGE>
        </KEYEVENT>
      </SFA>
    </PATH>
  </DEFECT>
</DEFECTS>